fms_college_id,college,city_state,city,state,county,latitude,longitude
180,Ole Miss,"Oxford, MS",Oxford, MS, Oakland County,34.366412700000005,-89.5187664
48,Clemson,"Clemson, SC",Clemson, SC, Pickens County,34.685074900000004,-82.83641109999998
316,Wisconsin,"Madison, WI",Madison, WI, Dane County,43.074761,-89.3837613
106,Kansas State,"Manhattan, KS",Manhattan, KS, Riley County,39.1836082,-96.5716694
25,Boise State,"Boise, ID",Boise, ID, Ada County,43.6166163,-116.200886
218,Stanford,"Stanford, CA",Stanford, CA, Santa Clara County,37.427467,-122.1702445
173,Notre Dame,"Notre Dame, IN",Notre Dame, IN, Saint Joseph County,41.70456775,-86.23822026017265
100,Iowa,"Iowa City, IA",Iowa City, IA, Johnson County,41.6612561,-91.5299106
184,Penn State,"State College, PA",State College, PA, Centre County,40.7944504,-77.86163859999998
302,Washington State,"Pullman, WA",Pullman, WA, Whitman County,46.7304268,-117.173895
318,Wyoming,"Laramie, WY",Laramie, WY, Gloucester County,41.311367,-105.591101
254,UMass,"Amherst, MA",Amherst, MA, Hampshire County,42.3685658,-72.505714
28,Buffalo,"Amherst, NY",Amherst, NY, Erie County,42.9783924,-78.7997616
238,Texas Tech,"Lubbock, TX",Lubbock, TX, Lubbock County,33.563520600000004,-101.879336
11,Arkansas,"Fayetteville, AR",Fayetteville, AR, Washington County,36.0625843,-94.1574328
72,Florida Atlantic,"Boca Raton, FL",Boca Raton, FL, Palm Beach County,26.3586885,-80.08309840000003
224,TCU,"Fort Worth, TX",Fort Worth, TX, Tarrant County,32.753177,-97.3327459
301,Washington,"Ellensburg, WA",Ellensburg, WA, Kittitas County,46.9970635,-120.5451223
177,Oklahoma,"Norman, OK",Norman, OK,,35.2225717,-97.4394816
109,Kentucky,"Lexington, KY",Lexington, KY, Fayette County,38.0464066,-84.4970393
54,Colorado State,"Fort Collins, CO",Fort Collins, CO, Larimer County,40.5508527,-105.0668085
247,Troy,"Troy, AL",Troy, AL, San Francisco City and County,31.8087678,-85.969951
132,Minnesota,"Minneapolis, MN",Minneapolis, MN, Hennepin County,44.9772995,-93.2654692
193,Rutgers,"Piscataway, NJ",Piscataway, NJ, Middlesex County,40.5462553,-74.46604079999999
95,Indiana,"Bloomington, IN",Bloomington, IN, Monroe County,39.1670396,-86.5342881
75,Florida State,"Tallahassee, FL",Tallahassee, FL, Leon County,30.4380832,-84.2809332
203,South Carolina,"Columbia, SC",Columbia, SC, Richland County,34.000749299999995,-81.03433129999998
123,Maryland,"College Park, MD",College Park, MD, Prince George's County,38.980666,-76.9369189
253,UCLA,"Los Angeles, CA",Los Angeles, CA, Los Angeles County,34.0536909,-118.2427666
256,USC,"Los Angeles, CA",Los Angeles, CA, Los Angeles County,34.0536909,-118.2427666
70,Florida,"Gainesville, FL",Gainesville, FL, Alachua County,29.6519684,-82.3249846
230,Texas,"Austin, TX",Austin, TX, Travis County,30.2711286,-97.7436995
290,Utah,"Salt Lake City, UT",Salt Lake City, UT, Salt Lake County,40.7596198,-111.8867975
128,Michigan,"Ann Arbor, MI",Ann Arbor, MI, Washtenaw County,42.2681569,-83.7312291
26,Boston College,"Chestnut Hill, MA",Chestnut Hill, MA,,42.3306529,-71.1661647
223,Syracuse,"Syracuse, NY",Syracuse, NY, Onondaga County,43.0481221,-76.1474244
3,Alabama,"Tuscaloosa, AL",Tuscaloosa, AL, Jefferson County,33.2095614,-87.5675258
169,Northwestern,"Evanston, IL",Evanston, IL, Cook County,42.0447388,-87.6930459
245,Toledo,"Toledo, OH",Toledo, OH, Lucas County,41.6786754,-83.51272829999998
80,Georgia,"Athens, GA",Athens, GA, Athens-Clarke County,33.9597677,-83.376398
60,Duke,"Durham, NC",Durham, NC, Durham County,35.996653,-78.90180529999998
105,Kansas,"Lawrence, KS",Lawrence, KS, Douglas County,38.9719384,-95.2359496
15,Auburn,"Auburn, AL",Auburn, AL, Jefferson County,32.535699,-85.48677785023041
125,Memphis,"Memphis, TN",Memphis, TN, Shelby County,35.1490215,-90.0516285
158,North Carolina A&T,"Greensboro, NC",Greensboro, NC, Guilford County,36.0726355,-79.79197540000001
308,West Virginia,"Morgantown, WV",Morgantown, WV, Monongalia County,39.6296809,-79.9559437
101,Iowa State,"Ames, IA",Ames, IA, Story County,42.0267703,-93.6170554
291,Utah State,"Logan, UT",Logan, UT, Cache County,41.7313447,-111.8348631
232,Texas A&M,"College Station, TX",College Station, TX, Brazos County,30.5955289,-96.3071042
134,Mississippi State,"Starkville, MS",Starkville, MS, Oktibbeha County,33.4503998,-88.8183872
20,Baylor,"Waco, TX",Waco, TX, McLennan County,31.549333,-97.1466695
110,LSU,"Baton Rouge, LA",Baton Rouge, LA, East Baton Rouge Parish,30.4459596,-91.18738
69,Ferris St.,"Big Rapids, MI",Big Rapids, MI, Mecosta County,43.698078,-85.48365600000002
181,Oregon,"Eugene, OR",Eugene, OR, Lane County,44.0505054,-123.0950506
176,Ohio State,"Columbus, OH",Columbus, OH, Franklin County,39.9622601,-83.00070649999998
136,Missouri,"Columbia, MO",Columbia, MO, Boone County,38.951883,-92.3337366
89,Houston,"Houston, TX",Houston, TX, Harris County,29.7589382,-95.3676974
164,Northern Arizona,"Flagstaff, AZ",Flagstaff, AZ, Coconino County,35.19875220000001,-111.6518229
53,Colorado,"Boulder, CO",Boulder, CO,Boulder County,40.0149856,-105.2705456
129,Michigan State,"East Lansing, MI",East Lansing, MI, Ingham County,42.73554160000001,-84.4852469
160,North Carolina St.,"Raleigh, NC",Raleigh, NC, Wake County,35.7803977,-78.63909890000002
126,Miami,"Miami, FL",Miami, FL, Miami-Dade County,25.7742658,-80.1936589
300,Wake Forest,"Winston-Salem, NC",Winston-Salem, NC, Forsyth County,36.0998131,-80.2440518
87,Hawaii,"Honolulu, HI",Honolulu, HI, Honolulu County,21.304547,-157.8556764
8,Appalachian State,"Boone, NC",Boone, NC, Watauga County,36.216795,-81.6745517
2,Akron,"Akron, OH",Akron, OH, Summit County,41.083064,-81.518485
202,South Alabama,"Mobile, AL",Mobile, AL, Dearborn County,30.6943566,-88.04305409999998
120,Louisville,"Louisville, KY",Louisville, KY, Jefferson County,38.2542376,-85.759407
170,Northwestern St. (LA),"Natchitoches, LA",Natchitoches, LA, Natchitoches Parish,31.760673200000006,-93.0860209
77,Fresno State,"Fresno, CA",Fresno, CA, Fresno County,36.7295295,-119.70886126075588
293,Vanderbilt,"Nashville, TN",Nashville, TN, Davidson County,36.1622296,-86.7743531
178,Oklahoma State,"Stillwater, OK",Stillwater, OK,,36.1156306,-97.0585717
205,South Dakota State,"Brookings, SD",Brookings, SD,Brookings County,44.3763598,-96.7925213
199,San Jose State,"San Jose, CA",San Jose, CA, Santa Clara County,37.3361905,-121.8905833
295,Virginia,"Charlottesville, VA",Charlottesville, VA,,38.029306,-78.4766781
198,San Diego State,"San Diego, CA",San Diego, CA, San Diego County,32.7174209,-117.1627714
251,UC Davis,"Davis, CA",Davis, CA, Yolo County,38.545379,-121.7445835
237,Texas State,"San Marcos, TX",San Marcos, TX, Hays County,29.8826436,-97.9405828
157,North Carolina,"Chapel Hill, NC",Chapel Hill, NC, Orange County,35.9131542,-79.05578
122,Marshall,"Huntington, WV",Huntington, WV, Cabell County,38.41924960000001,-82.445154
166,Northern Illinois,"DeKalb, IL",DeKalb, IL,DeKalb County,41.89034470000001,-88.7713953
65,Eastern Michigan,"Ypsilanti, MI",Ypsilanti, MI, Washtenaw County,42.24253,-83.6171426940706
41,Charlotte,"Charlotte, NC",Charlotte, NC, Mecklenburg County,35.2272,-80.843083
10,Arizona State,"Tempe, AZ",Tempe, AZ, Maricopa County,33.4255056,-111.9400125
179,Old Dominion,"Norfolk, VA",Norfolk, VA,,36.8889933,-76.24816240000001
185,Pittsburgh,"Pittsburgh, PA",Pittsburgh, PA, Allegheny County,40.4416941,-79.99008609999998
225,Temple,"Philadelphia, PA",Philadelphia, PA, Philadelphia County,39.9527237,-75.16352619999998
39,Central Michigan,"Mount Pleasant, MI",Mount Pleasant, MI, Isabella County,43.59764600000001,-84.7668495
18,BYU,"Provo, UT",Provo, UT, Utah County,40.2338438,-111.6585337
149,Nebraska,"Lincoln, NE",Lincoln, NE, Lancaster County,40.8088861,-96.7077751
153,New Mexico State,"Las Cruces, NM",Las Cruces, NM, Doña Ana County,32.3140354,-106.7798078
252,UCF,"Orlando, FL",Orlando, FL, Orange County,28.5421109,-81.3790304
299,Virginia Tech,"Blacksburg, VA",Blacksburg, VA, Montgomery County,37.2296566,-80.4136767
248,Tulane,"New Orleans, LA",New Orleans, LA, Orleans Parish,29.949932300000004,-90.0701156
19,Ball State,"Muncie, IN",Muncie, IN, Delaware County,40.19368920000001,-85.3865271
150,Nevada,"Reno, NV",Reno, NV, Washoe County,39.5261206,-119.8126581
82,Georgia State,"Atlanta, GA",Atlanta, GA, Fulton County,33.749098700000005,-84.39018490000002
313,Western Michigan,"Kalamazoo, MI",Kalamazoo, MI, Kalamazoo County,42.291707,-85.5872286
194,SMU,"Dallas, TX",Dallas, TX, Dallas County,32.7762719,-96.7968559
9,Arizona,"Tucson, AZ",Tucson, AZ, Pima County,32.2228765,-110.9748477
210,Southern,"Baton Rouge, LA",Baton Rouge, LA, East Baton Rouge Parish,30.4459596,-91.18738
103,Jacksonville State,"Jacksonville, AL",Jacksonville, AL, Calhoun County,33.8269995,-85.78319335989826
61,East Carolina,"Greenville, NC",Greenville, NC, Pitt County,35.612661,-77.3663538
206,South Florida,"Tampa, FL",Tampa, FL, Hillsborough County,27.9477595,-82.458444
188,Purdue,"West Lafayette, IN",West Lafayette, IN, Tippecanoe County,40.4258686,-86.9080655
29,California,"Berkeley, CA",Berkeley, CA, Alameda County,37.8708393,-122.2728639
12,Arkansas State,"Jonesboro, AR",Jonesboro, AR, Craighead County,35.8428646,-90.7034522
312,Western Kentucky,"Bowling Green, KY",Bowling Green, KY, Warren County,36.9903199,-86.4436018
226,Tennessee,"Knoxville, TN",Knoxville, TN, Knox County,35.9603948,-83.92102609999998
214,Southern Mississippi,"Hattiesburg, MS",Hattiesburg, MS, Forrest County,31.3271189,-89.2903392
258,UT San Antonio,"San Antonio, TX",San Antonio, TX, Bexar County,29.4246002,-98.4951405
96,Indiana (PA),"Indiana, PA",Indiana, PA,Indiana County,40.6424116,-79.1262839
131,Middle Tennessee,"Murfreesboro, TN",Murfreesboro, TN, Rutherford County,35.845999,-86.3920452
182,Oregon State,"Corvallis, OR",Corvallis, OR, Benton County,44.5645659,-123.2620435
259,UTEP,"El Paso, TX",El Paso, TX, El Paso County,31.7754152,-106.4646348
320,Youngstown State,"Youngstown, OH",Youngstown, OH, Mahoning County,41.1035786,-80.6520161
234,Texas Christian,"Fort Worth, TX",Fort Worth, TX, Tarrant County,32.753177,-97.3327459
201,Shepherd,"Shepherdstown, WV",Shepherdstown, WV, Jefferson County,39.43009960000001,-77.804161
175,Ohio,"Athens, OH",Athens, OH,Athens County,39.355589,-82.06104040000002
119,Louisiana Tech,"Ruston, LA",Ruston, LA, Lincoln Parish,32.5232053,-92.637927
92,Illinois,"Champaign, IL",Champaign, IL, Champaign County,40.1164205,-88.2433829
116,Louisiana,"Lafayette, LA",Lafayette, LA, Lafayette Parish,30.2240897,-92.0198427
227,Tennessee State,"Nashville, TN",Nashville, TN, Davidson County,36.1622296,-86.7743531
146,NC State,"Raleigh, NC",Raleigh, NC, Wake County,35.7803977,-78.63909890000002
1,Air Force,"Colorado Springs, CO",Colorado Springs, CO, El Paso County,38.8339578,-104.8253485
74,Florida International,"Miami, FL",Miami, FL, Miami-Dade County,25.7742658,-80.1936589
249,Tulsa,"Tulsa, OK",Tulsa, OK, Tulsa County,36.1556805,-95.9929113
45,Cincinnati,"Cincinnati, OH",Cincinnati, OH, Hamilton County,39.1014537,-84.5124602
56,Connecticut,"East Hartford, CT",East Hartford, CT, Hartford County,41.7823216,-72.61203459999999
83,Georgia Tech,"Atlanta, GA",Atlanta, GA, Fulton County,33.749098700000005,-84.39018490000002
141,Montana State,"Bozeman, MT",Bozeman, MT, Gallatin County,45.6794293,-111.0440474
162,North Dakota State,"Fargo, ND",Fargo, ND, Cass County,46.877229,-96.789821
305,West Georgia,"Carrollton, GA",Carrollton, GA, Carroll County,33.580110299999994,-85.0766113
196,Samford,"Homewood, AL",Homewood, AL, Jefferson County,33.4717732,-86.8008228
64,Eastern Kentucky,"Richmond, KY",Richmond, KY, Madison County,37.74785720000001,-84.29465390000001
27,Bowling Green,"Bowling Green, OH",Bowling Green, OH, Wood County,41.3747744,-83.65132290000003
159,North Carolina Central,"Durham, NC",Durham, NC, Durham County,35.996653,-78.90180529999998
255,UNLV,"Las Vegas, NV",Las Vegas, NV, Clark County,36.1672559,-115.1485163
209,Southeastern Louisiana,"Hammond, LA",Hammond, LA, Lake County,41.5833658,-87.500043
191,Rice,"Houston, TX",Houston, TX, Harris County,29.7589382,-95.3676974
167,Northern Iowa,"Cedar Falls, IA",Cedar Falls, IA,,42.5274123,-92.4453179
42,Chattanooga,"Chattanooga, TN",Chattanooga, TN, Hamilton County,35.0457219,-85.3094883
148,Navy,"Annapolis, MD",Annapolis, MD, Anne Arundel County,38.9786401,-76.492786
127,Miami (OH),"Miami, OH",Miami, OH,Miami County,40.0580258,-84.2236524
246,Towson,"Towson, MD",Towson, MD, Baltimore County,39.4018552,-76.602388
66,Eastern Washington,"Cheney, WA",Cheney, WA, Spokane County,47.4873895,-117.5757676
108,Kent State,"Kent, OH",Kent, OH, Portage County,41.1536674,-81.357886
5,Alabama State,"Montgomery, AL",Montgomery, AL, Clearfield County,32.3669656,-86.3006485
124,McNeese,"Lake Charles, LA",Lake Charles, LA, Calcasieu Parish,30.226594899999995,-93.2173759
139,Missouri Western,"St. Joseph, MO",St. Joseph, MO, Buchanan County,39.7686055,-94.8466322
137,Missouri Southern,"Joplin, MO",Joplin, MO, Jasper County,37.08418,-94.51323
228,Tennessee Tech,"Cookeville, TN",Cookeville, TN, Putnam County,36.1623886,-85.4997057
84,Glenville State,"Glenville, WV",Glenville, WV, Gilmer County,38.9342573,-80.8376033
257,UT Martin,"Martin, TN",Martin, TN, Weakley County,36.3433965,-88.850338
192,Richmond,"Richmond, VA",Richmond, VA,,37.53850870000001,-77.43428
204,South Carolina State,"Orangeburg, SC",Orangeburg, SC, Orangeburg County,33.4918203,-80.8556476
156,North Alabama,"Florence, AL",Florence, AL, Bexar County,34.79981,-87.677251
303,Wayne State (MI),"Detroit, MI",Detroit, MI, Wayne County,42.3315509,-83.04664029999998
211,Southern Illinois,"Carbondale, IL",Carbondale, IL, Jackson County,37.7274692,-89.216655
50,Coastal Carolina,"Conway, SC",Conway, SC, Horry County,33.8360035,-79.0478143
111,Lafayette,"Lafayette, LA",Lafayette, LA, Lafayette Parish,30.2240897,-92.0198427
86,Hampton,"Hampton, VA",Hampton, VA,,37.0300969,-76.34520570000002
319,Yale,"New Haven, CT",New Haven, CT, Prince George's County,41.3082138,-72.92505179999998
88,Hillsdale,"Hillsdale, MI",Hillsdale, MI,Hillsdale County,41.8779105,-84.59843959999998
90,Idaho,"Moscow, ID",Moscow, ID, Latah County,46.7323875,-117.0001651
30,California (PA),"California, PA",California, PA, Washington County,40.0657724,-79.8918436
76,Fort Hays State,"Hays, KS",Hays, KS, Ellis County,38.8791783,-99.3267702
58,Delaware,"Newark, DE",Newark, DE, New Castle County,39.6852191,-75.75082890000002
155,Norfolk State,"Norfolk, VA",Norfolk, VA,,36.8889933,-76.24816240000001
220,Stillman,"Tuscaloosa, AL",Tuscaloosa, AL, Jefferson County,33.2095614,-87.5675258
0,Abilene Christian,"Abilene, TX",Abilene, TX, Taylor County,32.44645,-99.7475905
306,West Liberty,"West Liberty, WV",West Liberty, WV, Ohio County,40.169794,-80.59368509999999
152,New Mexico,"Albuquerque, NM",Albuquerque, NM, Bernalillo County,35.0841034,-106.6509851
6,Alcorn State,"Lorman, MS",Lorman, MS, Jefferson County,31.8204396,-91.0501057
114,Liberty,"Lynchburg, VA",Lynchburg, VA,,37.4137536,-79.1422464
195,Sam Houston State,"Huntsville, TX",Huntsville, TX, Walker County,30.723526300000003,-95.5507771
13,Army,"West Point, NY",West Point, NY, Suffolk County,40.8512481,-72.53598690000003
117,Louisiana Monroe,"Monroe, LA",Monroe, LA,Monroe County,38.2722313,-90.1792484
143,Morgan State,"Baltimore, MD",Baltimore, MD,,39.2847494,-76.62047463969989
47,Clark Atlanta,"Atlanta, GA",Atlanta, GA, Fulton County,33.749098700000005,-84.39018490000002
197,San Diego,"San Diego, CA",San Diego, CA, San Diego County,32.7174209,-117.1627714
307,West Texas A&M,"Canyon, TX",Canyon, TX, Randall County,34.97983920000001,-101.9193395
304,Weber State,"Ogden, UT",Ogden, UT, Weber County,41.2230048,-111.9738429
113,Lane (TN),"Lane, TN",Lane, TN, Dyer County,36.1942358,-89.3622943
140,Montana,"Missoula, MT",Missoula, MT, Missoula County,46.8701049,-113.9952672
250,UAB,"Birmingham, AL",Birmingham, AL, Jefferson County,33.5206824,-86.80243259999997
91,Idaho State,"Pocatello, ID",Pocatello, ID, Bannock County,42.86886129999999,-112.4401098
235,Texas College,"Tyler, TX",Tyler, TX, Smith County,32.351260100000005,-95.3010624
294,Villanova,"Villanova, PA",Villanova, PA, Delaware County,40.0373323,-75.34907690000001
171,Northwestern State,"Natchitoches, LA",Natchitoches, LA, Natchitoches Parish,31.760673200000006,-93.0860209
78,Furman,"Greenville, SC",Greenville, SC, Greenville County,34.851354,-82.3984882
85,Grambling,"Grambling, LA",Grambling, LA, Lincoln Parish,32.527650300000005,-92.7140403
217,Southern Utah,"Cedar City, UT",Cedar City, UT, Iron County,37.67742379999999,-113.0618277
186,Portland State,"Portland, OR",Portland, OR, Multnomah County,45.5202471,-122.6741949
165,Northern Colorado,"Greeley, CO",Greeley, CO,Greeley County,40.42331420000001,-104.7091322
215,Southern Oregon,"Ashland, OR",Ashland, OR, Jackson County,42.1972487,-122.71539950000002
154,Nicholls,"Thibodaux, LA",Thibodaux, LA, Lafourche Parish,29.795763300000004,-90.822871
163,North Texas,"Denton, TX",Denton, TX,Denton County,33.1838787,-97.1413417
133,Minnesota-Morris,"Morris, MN",Morris, MN, Stevens County,45.586072,-95.913941
121,Mars Hill,"Mars Hill, NC",Mars Hill, NC, Madison County,35.82637929999999,-82.5486848
81,Georgia Southern,"Statesboro, GA",Statesboro, GA, Bulloch County,32.4490141,-81.78329120000002
310,Western Carolina,"Cullowhee, NC",Cullowhee, NC, Jackson County,35.3137739,-83.1765814
40,Central Missouri,"Warrensburg, MS",Warrensburg, MS, Johnson County,32.4034758,-88.80004840000002
102,Jackson State,"Jacksonville, AL",Jacksonville, AL, Calhoun County,33.8269995,-85.78319335989826
233,Texas A&M-Commerce,"Commerce, TX",Commerce, TX, Hunt County,33.2442615,-95.9006353
104,James Madison,"Harrisonburg, VA",Harrisonburg, VA,,38.4493315,-78.8688833
93,Illinois State,"Normal, IL",Normal, IL, McLean County,40.5117699,-88.99448149999998
17,Azusa Pacific,"Azusa, CA",Azusa, CA, Los Angeles County,34.1338751,-117.9056046
43,Cheyney,"Philadelphia, PA",Philadelphia, PA, Philadelphia County,39.9527237,-75.16352619999998
200,Savannah State,"Savannah, GA",Savannah, GA, Chatham County,32.0809263,-81.09117679999999
4,Alabama A & M University,,,,,,
16,Austin Peay State University,,,,,,
24,Binghampton,,,,,,
31,California Polytechnic State University-San Luis Obispo,,,,,,
32,California State University-Bakersfield,,,,,,
33,California State University-Fresno,,,,,,
34,California State University-Fullerton,,,,,,
35,California State University-Long Beach,,,,,,
36,California State University-Northridge,,,,,,
37,California State University-Sacramento,,,,,,
38,Central Connecticut State University,,,,,,
44,Chicago State University,,,,,,
46,Citadel Military College of South Carolina,,,,,,
49,Cleveland State University,,,,,,
51,College of Charleston,,,,,,
52,College of William and Mary,,,,,,
57,Coppin State University,,,,,,
59,Delaware State University,,,,,,
62,East Tennessee State University,,,,,,
63,Eastern Illinois University,,,,,,
71,Florida Agricultural and Mechanical University,,,,,,
73,Florida Gulf Coast University,,,,,,
79,George Mason University,,,,,,
97,Indiana State University,,,,,,
98,Indiana University-Bloomington,,,,,,
99,Indiana University-Purdue University-Indianapolis,,,,,,
107,Kennesaw State University,,,,,,
112,Lamar University,,,,,,
115,Longwood University,,,,,,
118,Louisiana State University and Agricultural & Mechanical College,,,,,,
135,Mississippi Valley State University,,,,,,
138,Missouri State University,,,,,,
142,Morehead State University,,,,,,
145,Murray State University,,,,,,
151,New Jersey Institute of Technology,,,,,,
161,North Carolina State University at Raleigh,,,,,,
168,Northern Kentucky University,,,,,,
172,Northwestern State University of Louisiana,,,,,,
174,Oakland University,,,,,,
187,Prairie View A & M University,,,,,,
189,Purdue University Fort Wayne,,,,,,
190,Radford University,,,,,,
207,Southeast Missouri State University,,,,,,
212,Southern Illinois University-Carbondale,,,,,,
213,Southern Illinois University-Edwardsville,,,,,,
216,Southern University and A & M College,,,,,,
219,Stephen F Austin State University,,,,,,
221,Stony Brook University,,,,,,
229,Tennessee Technological University,,,,,,
231,Texas A & M University-Corpus Christi,,,,,,
236,Texas Southern University,,,,,,
239,The University of Tennessee at Chattanooga,,,,,,
240,The University of Tennessee at Martin,,,,,,
242,The University of Texas at Arlington,,,,,,
243,The University of Texas at El Paso,,,,,,
244,The University of Texas at San Antonio,,,,,,
241,The University of Texas Rio Grande Valley,,,,,,
260,"University at Albany, State University of New York",,,,,,
261,University of Arkansas at Little Rock,,,,,,
262,University of Arkansas at Pine Bluff,,,,,,
263,University of California-Irvine,,,,,,
264,University of California-Riverside,,,,,,
265,University of California-Santa Barbara,,,,,,
266,University of Central Arkansas,,,,,,
267,University of Illinois at Chicago,,,,,,
268,University of Maryland Eastern Shore,,,,,,
269,University of Maryland-Baltimore County,,,,,,
270,University of Massachusetts Amherst,,,,,,
271,University of Massachusetts-Lowell,,,,,,
272,University of Minnesota-Twin Cities,,,,,,
273,University of Missouri-Kansas City,,,,,,
274,University of Nebraska at Omaha,,,,,,
275,University of Nevada-Reno,,,,,,
276,University of New Hampshire,,,,,,
277,University of New Orleans,,,,,,
278,University of North Carolina at Asheville,,,,,,
279,University of North Carolina at Charlotte,,,,,,
280,University of North Carolina at Greensboro,,,,,,
281,University of North Carolina at Wilmington,,,,,,
282,University of North Dakota,,,,,,
283,University of North Florida,,,,,,
284,University of Rhode Island,,,,,,
285,University of South Carolina Upstate,,,,,,
286,University of South Dakota,,,,,,
287,University of Vermont,,,,,,
288,University of Wisconsin-Green Bay,,,,,,
289,University of Wisconsin-Milwaukee,,,,,,
292,Utah Valley University,,,,,,
296,Virginia Commonwealth University,,,,,,
297,Virginia Military Institute,,,,,,
298,Virginia Polytechnic Institute and State University,,,,,,
311,Western Illinois University,,,,,,
314,Wichita State University,,,,,,
315,Winthrop University,,,,,,
317,Wright State University,,,,,,
7,American Athletic Conference Median,,,,,,
14,Atlantic Coast Conference Median,,,,,,
21,Big 12 Conference Median,,,,,,
23,Big Ten Conference Median,,,,,,
55,Conference USA Median,,,,,,
94,Independent Median,,,,,,
130,Mid-American Conference Median,,,,,,
144,Mountain West Conference Median,,,,,,
183,Pacific-12 Conference Median,,,,,,
208,Southeastern Conference Median,,,,,,
222,Sun Belt Conference Median,,,,,,
22,Big East Conference Median,,,,,,
309,Western Athletic Conference Median,,,,,,
67,FBS Median,,,,,,
68,FCS Median,,,,,,
147,NFS Median,,,,,,
